# name	kind	expect	workers	note	gate
# expect: pass | skip
# workers: - = live systemd iked; 0 = inline; N = pool
# gate: (empty) | addke  — gate=addke rows run only when the build supports
#   RFC 9370 ADDKE (R2_ADDKE=yes, i.e. the xfrm-addke build / OpenSSL 3.5 /
#   Fedora 44); they auto-SKIP on an OpenSSL 3.0 Ubuntu build.  This is what
#   keeps the PQC matrix off Ubuntu and on Fedora.
# Adding a case is a row. Kind scripts live in kinds/<kind>.sh
# Every ikev2/ikev1 tunnel row also runs fwd_tmpl_check: the Linux FWD
# policy must mirror the IN tmpl (e2bd9ef) or SSH-to-LAN dies quietly.
kmtest	unit	pass	-	lib/kmtest (userspace loopback even when KM is xfrm)
eaytest	unit	pass	-	iked/eaytest
evlooptest	unit	pass	-	iked/evlooptest
ndcppkats	unit	pass	-	NDcPP v3.0e crypto KATs (A9 DH-x len, A10 nonce, B1 keygen, B3 zeroize, B4 AES-CBC/GCM, B5 ECDSA, B6 DRBG) against the daemon's OpenSSL wrappers; emits one 'KAT <cell>: PASS/FAIL <evidence>' line per cell for the compliance report
workerstest	unit	pass	-	iked/workerstest (inline, 1, 10)
admin-empty	admin	pass	-	show-sa empty; esp ENOTSUP; vpn-connect ENOENT
ikev2-netns	ikev2	pass	0	strongSwan netns; inline drain (RACOON2_CRYPTO_WORKERS=0)
ikev2-netns-w1	ikev2	pass	1	strongSwan netns; pool N=1
ikev2-netns-s384	ikev2	pass	0	RFC 4868: ESP AES-CBC + HMAC-SHA2-384, ICV 192 (responder SAD)
ikev2-netns-s512	ikev2	pass	0	RFC 4868: ESP AES-CBC + HMAC-SHA2-512, ICV 256 (responder SAD)
ikev2-netns-g8	ikev2	pass	0	RFC 4106: AES-GCM 8-octet ICV (aead icv 8 in SAD)
ikev2-netns-g12	ikev2	pass	0	RFC 4106: AES-GCM 12-octet ICV (aead icv 12 in SAD)
ikev2-netns-frag	ikev2	pass	0	RFC 7383 knob on (fragmentation=yes); IKE_SA+SAD — not a reassembly proof (PSK AUTH typically <576)
ikev2-netns-mobike	ikev2	pass	0	RFC 4555 MOBIKE_SUPPORTED knob (charon mobike=yes); not a roam proof
ikev2-netns-cookie2	ikev2	pass	0	RFC 4555 NO_ADDITIONAL_ADDRESSES processed (charon mobike=yes; COOKIE2 echo if present)
ikev2-netns-dh19	ikev2	pass	0	ECP256 DH group 19: KEi 19 accepted and bound to selected proposal DH (no KEYMAT divergence)
ikev2-netns-childrekey	ikev2	pass	0	charon-initiated CHILD rekey at 30s keylife (PFS-19, no CP): SPI replaced, IKE stays. Not racoon2-as-responder msgid mint, not CP TSr/lease, not PFS-less.
ikev2-netns-r2rekey	ikev2	pass	0	racoon2-initiated CHILD rekey as original responder (30s ipsec lifetime, charon rekey=no). Gate: log initiating CREATE_CHILD_SA rekey + SPI change.
ikev2-netns-resume-dump	ikev2	pass	0	session resume dump SR2R under /var/lib/racoon2/resume after IKE_AUTH
ikev2-netns-qcd	ikev2	pass	0	RFC 6290 QCD_TOKEN sent in IKE_AUTH (maker)
ikev2-netns-ikesa-rekey	ikev2	pass	0	RFC 7296 §2.8 IKE_SA rekey (charon ikelifetime=30s)
xfrm-natt-oa	unit	pass	-	RFC 3947 NAT-OA via rcpfk → XFRMA_ENCAP encap_oa (root, ip xfrm)
xfrm-tmpl-family	unit	pass	-	IP_ANY mixed-family tmpl coerce (v4 local + :: → proto esp, no c0a8:444f)
ikev1-strongswan	ikev1	pass	0	IKEv1 netns vs ikev1_nat.conf (IP IDs, whole-file PSK, hmac-sha1); not a live NAT-OA peer	
i2ike-addke	i2ike	pass	0	PQC: iked<->iked, mlkem768. Initial IKE_AUTH child is plain (type-6 is CREATE_CHILD-only); the 60s child-SA rekey offers type-06 ADDKE + IKE_FOLLOWUP_KE + ML-KEM keymat, new SPI both netns; kind asserts type-06 offer + the same ML-KEM keymat hash on BOTH sides + no followup abort (not just a new SPI). Also runs the NDcPP v3.0e CPL compliance report (A1-A14/B-cells) against the row's own artifacts; a wired-cell FAIL fails the case	addke
i2ike-drop	i2ike_drop	pass	0	PQC CREATE_CHILD response-loss kill-test (review regression): i2ike topology, but netem 80% loss on the responder->initiator veth through the 60s-soft rekey window, so the CREATE_CHILD response is lost on the wire; the initiator retransmits the request and the responder MUST replay the armed response from response_info — gated on the 'R2 replay' marker that ikev2_retransmit_forced() logs exactly at the rate-limited replay; then asserts the rekey still completes with new SPI both sides + type-06 offer + MATCHING ML-KEM keymat sha + no followup abort. No marker => FAIL (a clean rekey where no response was dropped proves nothing); 3 fresh-SA attempts	addke
i2ikesa-addke	i2ikesa	pass	0	PQC iked<->iked: initiator IKE_SA rekey (kmp_sa_lifetime_time 30s) offers type-06 ADDKE via WITH_ADDKE; both sides complete SK(1) via IKE_FOLLOWUP_KE and rekey_skeyseed logs the SAME ADDKE SKEYSEED (a plain IKE_SA rekey logs no such line -> fail)	addke
i2iinit-addke	i2iinit	pass	0	PQC iked<->iked on the INITIAL IKE_SA: SAi1 offers type-06 + N(16438), one IKE_INTERMEDIATE ML-KEM round (RFC 9370 s3.5 SKEYSEED update + RFC 9242 IntAuth into AUTH); kind asserts the SAME intermediate SKEYSEED on BOTH sides + ESP child lands (AUTH+IntAuth verified). Also runs the NDcPP v3.0e CPL compliance report (A1-A14/B-cells); a wired-cell FAIL fails the case	addke
i2iinit-charon	i2iinit	pass	0	PQC INTEROP: initial-IKE_SA ADDKE with a strongSwan charon 6.0.7 INITIATOR (swanctl ke1_mlkem768 proposal, RFC 9370/9242) against the iked responder SUT in the sibling netns. The kind's peer-swap (-charon suffix) runs the same i2iinit kind: charon selects KE1_ML_KEM_768, iked echoes type-6 + N(16438) and logs IKE_INTERMEDIATE ADDKE round complete, both reach ESTABLISHED, and the ESP child lands => the two independent ML-KEM-768 implementations derived the same SK(1) (probe 2026-09-26 on Fedora box: charon ESTABLISHED AES_GCM_16-256/.../KE1_ML_KEM_768, iked RES_IKE_AUTH_RCVD->ESTABLISHED, keymat sha256=01a642e6... g_ir_present=n, ESP 2/2 netnss). Requires box strongSwan >=6.0 with the ml plugin; FAILs (not SKIP) without it — no skip path in the kind; gate=box keeps it out of CI. gate=box: container counted-gate PASS required before CI admission. Also runs the NDcPP v3.0e CPL compliance report (A1-A14/B-cells); a wired-cell FAIL fails the case	box
i2iinit-charonr	i2iinit	pass	0	PQC INTEROP reverse: racoon2 iked INITIATES the initial-IKE_SA ADDKE (establish-sa, my_id r2init-matrix) against a strongSwan charon 6.0.7 RESPONDER seat (-charonr suffix: swanctl conn loaded passively, no --initiate; local id racoon2-matrix, expects peer id r2init-matrix). iked drives the IKE_INTERMEDIATE round (logs round complete), charon answers and selects KE1_ML_KEM_768 + ESTABLISHED, ESP child lands => independent ML-KEM-768 SK(1) match. Reverse of i2iinit-charon; same box strongSwan >=6.0 + ml plugin requirement; FAILs (not SKIP) without it — no skip path in the kind; gate=box keeps it out of CI. gate=box: container counted-gate PASS required before CI admission. Also runs the NDcPP v3.0e CPL compliance report (A1-A14/B-cells); a wired-cell FAIL fails the case	box
i2iinit-drop	i2iinit_drop	pass	0	PQC lost-intermediate-response kill-test: netem 80% loss on the responder->initiator veth during the intermediate window (then 5%), which drops a fragment of the fragmented IKE_INTERMEDIATE RESPONSE; the initiator retransmits the gen-0 request and the responder DETECTS it by the cleartext outer msgid/exchange BEFORE SKF decrypt and REPLAYS its cached gen-0 response (`H1 replay` marker — the log line and kind gate). No marker => FAIL (a clean completion where no fragment was dropped does not count as proof; the kind retries establishment with a fresh IKE_SA + flushed xfrm until the replay fires, bounded 4 attempts)	addke
i2iinit-drop576	i2iinit_drop576	pass	0	PQC H1 kill-test at REAL 576-MTU fragmentation: veth MTU 576 forces RFC 7383 fragmenting of the IKE_INTERMEDIATE response (ML-KEM KE 1184B); netem 80% responder->initiator drops a fragment; responder must replay cached gen-0 fragment datagrams (H1 replay, fragment count) and the child still lands; i2iinit-drop at veth MTU 1500 proves nothing about the fragment path	addke
i2ike-drop576	i2ike_drop576	pass	0	PQC R2 kill-test at REAL 576-MTU fragmentation (CREATE_CHILD path): veth MTU 576 fragments the CREATE_CHILD rekey request/response + IKE_FOLLOWUP_KE ML-KEM exchange; netem 30% then 5% on responder->initiator across the 60s-soft rekey (80% blows the 10s ADDKE arm timer before FOLLOWUP install); counted-drop gate (netem-dropped >= 1 AND R2 replay >= 1 AND SKF fragment recv >= 3 AND a new g_ir_present=Y keymat), responder holds its SA (3600s) so only the initiator rekeys; i2iinit-drop576 proves the IKE_INTERMEDIATE fragment path only, not CREATE_CHILD fragment replay.  BOX-GREEN since 21c8e81 (2026-09-27 rev4: PASS with the counted-drop gate — the racy-rekeyed-sampling proxy is gone, so the 4/4-FAIL artifact of 2026-09-26 is no longer observed); NOT container-green (no container pass yet), so it stays out of the CI default until a counted container run passes (same staging rule as i2ike-dup/veth-account/i2iinit-charon)	addke
i2ike-dup	i2ike_dup	pass	0	CREATECHILD mid-handler duplicate unit (review #5): netem duplicate 100% on the INITIATOR egress veth after child-up, so the rekey CREATE_CHILD REQUEST arrives twice back-to-back.  Dispatch (ikev2.c:538) short-circuits the second copy BEFORE the handler: pre-arm -> check_message_ordering sees recv_message_id advanced -> dropping-unordered; post-arm -> R2 replay.  Gate: exactly ONE 'CREATE_CHILD_SA request' handler entry (resp log, scoped to the rekey msgid) AND rekey completes (new SPI both sides) AND no abort AND (marker lines unordered+R2replay+frag-drop >= 1 OR a tcpdump -X msgid scan counts >= 2 msgid-M request packets on the responder-ingress tap — the wire count is the direct duplicate-arrival measurement and substitutes when the pre-arm drop path stays silent; box 2026-09-26 proved markers can be 0 with a completed rekey).  Two handler entries = the window hole is real.  Classical ESP (no ADDKE followup): the reassembler stores SKF fragments unconditionally (ikev2_frag.c:765) with a count-based completion (:778), so a duplicated mid-list fragment livelocks assembly and an ADDKE dup row would fail for the wrong reason.  DPD/NAT-D reply path unreachable (no yield between advance and arm) — documented, not a row.  gate=box: box-only until a container run passes.	box
i2ike-reqdrop	i2ike_reqdrop	pass	0	PQC REQUEST-direction loss kill-test (review #4): every existing loss row drops responder->initiator only.  This row nets the INITIATOR egress veth (100% loss KEPT until the netem drop counter ticks — the counted loss of the first request copy — held ~4s so the 1s/3s ladder rungs are counted too, then qdisc REMOVED so the 7s rung arrives and FOLLOWUP+response ride the 10s ADDKE arm timer clean; dpd_delay 60 cannot pollute the window: earliest initiator DPD leaves after the qdisc is gone); recovery is the INITIATOR's own retransmit ladder (1,2,4,8...s), not a responder replay — no R2 replay expected or required.  Gate: counted netem-dropped >= 1 on the REQUEST direction AND the request logged strictly AFTER qdisc removal AND rekey completes (new SPI both sides) AND the NEW keymat carries g_ir_present=Y on BOTH sides with matching sha256 AND no followup timeout.  Completion with zero counted request loss proves nothing.  gate=box: box-only until a container run passes.	box
veth-account	veth_account	pass	-	veth accounting identity audit (review #2): sent == peer_received + qdisc_dropped on a standalone veth pair, both directions, with netem loss 30% (explicit /dev/udp generator covering UDP/500 AND UDP/4500, peer per-netns UDP MIB counter InDatagrams+NoPorts from /proc/net/snmp — link RX counters overshoot by one ARP reply per pass, the UDP MIB counts only UDP; tc -s qdisc dropped; 200-datagram floods, three passes: A->B lossy, B->A lossy, clean).  Audits the premise every counted-drop gate stands on — an identity break means tc_dropped() is not trustworthy.  ~15s, no iked, no ADDKE.  gate=box: box-only until a container run passes.	box
i2iinit-nointermediate	i2iinit_nointermediate	pass	0	RFC 9370 s2.2.1 fallback: initiator remote sets ikev2 offer_intermediate off, so SAi1 carries type-06 ADDKE WITHOUT the 16438 notify; responder MUST NOT select the ADDKE proposal and falls back to a classical IKE_SA (no IKE_INTERMEDIATE round) while the ESP child still lands; kind asserts child UP + ZERO intermediate-round markers both sides	addke
i2ike-silence	i2ike_silence	pass	0	nine answered DPD intervals at dpd_delay 60, then initiator silence; responder must abort err=110 (retransmission count exceeded) with zero inbound UDP after the kill and no growth in dropping-unordered, unexpected-response, or CREATE_CHILD. gate=dpd: box-only (R2_DPD=yes); never part of the CI default. Not a NAT-D row. Classical ESP.	dpd
i2ineg-wrongpsk	i2i_neg	pass	0	NDcPP A13 NEG (peer auth, fail-closed): responder holds the matrix PSK (macos.psk), initiator is pointed at a DIFFERENT existing psk file (l2tp.psk) — same fqdn ids, wrong key.  TOE must REFUSE: no ESP child AND responder iked logs authentication failure / AUTHENTICATION_FAILED.  The kind inverts the gate — returns 0 only when refused (a child means the TOE accepted a bad key).  gate=box: new row, container counted-gate PASS required before CI admission.	box
i2ineg-idmismatch	i2i_neg	pass	0	NDcPP A14 NEG (reference identifier, fail-closed): responder peers_id fqdn r2init-matrix, initiator presents a foreign my_id fqdn neg-intruder (same PSK).  TOE must REFUSE: no ESP child AND responder logs the ID_I does not match peers id rejection.  Inverted gate — 0 only when refused.  gate=box: new row, container counted-gate PASS required before CI admission.	box
i2ineg-a12strict	i2i_neg	pass	0	NDcPP A12 STRICT (FCS_IPSEC_EXT.1.12): 256-bit CHILD_SA offered under a 128-bit IKE_SA with parent_child_strength on - TOE must refuse (NO_PROPOSAL_CHOSEN). Inverse-gate kind: exit 0 = refusal = PASS. gate=box, i2i topology (need netns+xfrm).	box
i2ineg-a12permit	i2i_neg	pass	0	NDcPP A12 RFC-PERMISSIVE: same 256-bit child under 128-bit IKE_SA, parent_child_strength off (default) - RFC 7296 allows it, TOE must ACCEPT (child establishes). Positive gate. gate=box, i2i topology.	box
i2iconf-lifetime	i2iconf_life	pass	0	NDcPP A7/A8 CONF (admin-configurable lifetimes, notes 88/89): distinctive knobs kmp_sa_lifetime_time 37s (IKE_SA) + ipsec_sa_lifetime_time 53s (CHILD_SA); asserts the 53s reaches SADB as hard time (not default) AND an IKE_SA rekey fires inside the 37s soft window. gate=box (netns+xfrm), classical ESP, runs on any build.	box
i2i-nsawarn	i2i_nsawarn	pass	0	NSA/CNSSP-15: kmp_enc_alg lists 3des_cbc on both seats — iked must log 'configuring obsolete algorithm 3DES-CBC' (nsa_deprecated_alg) at proposal-build on both sides while negotiation still lands on aes256_cbc and the ESP child establishes (advisory-only, never blocks). PASS = warning in both iked logs + child up.	box
i2idh-modp2048	i2idh	pass	0	RFC 8247 group 14: iked<->iked negotiates modp2048; ESP child up on both seats proves the KE payload keyed; A11 reports the group (kmp_dh_group).	box
i2idh-modp3072	i2idh	pass	0	RFC 8247 group 15: modp3072 iked<->iked; ESP child up; A11 group in claimed set.	box
i2idh-modp4096	i2idh	pass	0	RFC 8247 group 16: modp4096 iked<->iked; ESP child up; A11 group in claimed set.	box
i2idh-modp6144	i2idh	pass	0	RFC 8247 group 17: modp6144 iked<->iked; ESP child up; A11 group in claimed set.	box
i2idh-modp8192	i2idh	pass	0	RFC 8247 group 18: modp8192 iked<->iked; ESP child up; A11 group in claimed set.	box
i2idh-ecp256	i2idh	pass	0	RFC 8247 group 19 (ECP-256): iked<->iked regression row (control for the ECP path); ESP child up; A11 group in claimed set.	box
i2idh-ecp384	i2idh	pass	0	RFC 8247 group 20 (ECP-384, FP .1.8-mandatory, closes G1): iked<->iked negotiates the NEW curve via eay_ecp_generate/compute field-len dispatch; ESP child up proves keymat derived; A11 group in claimed set.	box
i2idh-ecp521	i2idh	pass	0	RFC 8247 group 21 (ECP-521): iked<->iked negotiates the NEW curve; ESP child up proves 66-byte field ECDH keymat; A11 group in claimed set.	box
i2idh-ecp384-charon	i2idh	pass	0	Interop (initiator seat): strongSwan charon proposes ECP-384 (swanctl I2I_DH_GROUP=ecp384); iked responder negotiates; ESP child up proves cross-implementation P-384 keymat match (AUTH+SK). A11 via charon selected-proposal ECP_384.	box
i2idh-ecp384-charonr	i2idh	pass	0	Interop (responder seat): charon RESPONDS with ECP-384 (passive swanctl); iked initiator drives; ESP child up proves cross-implementation P-384 keymat match. A11 via charon selected-proposal ECP_384.	box
i2idh-ecp521-charon	i2idh	pass	0	Interop (initiator seat): charon proposes ECP-521; iked responder negotiates; ESP child up proves cross-implementation P-521 keymat match. A11 via ECP_521.	box
i2idh-ecp521-charonr	i2idh	pass	0	Interop (responder seat): charon RESPONDS with ECP-521; iked initiator drives; ESP child up proves cross-implementation P-521 keymat match. A11 via ECP_521.	box
